"","eval_avg.Accuracy","eval_avg.F1","eval_avg.Sensitivity","eval_avg.Specificity"
"1",0.847015915119363,0.904444352400282,0.961938325991189,0.497319034852547
"2",0.857171275114382,0.908902338946224,0.946698449204149,0.584774762280811
"3",0.855082538181197,0.908139520438072,0.951764272355441,0.560916328162781
"4",0.752635766858962,0.858861585199729,1,0
"5",0.723484841180985,0.723484841180985,0.723484841180985,0.723484841180985
