"","eval_avg.Accuracy","eval_avg.F1","eval_avg.Sensitivity","eval_avg.Specificity"
"1",0.846164047476958,0.901586493594638,0.938200759247815,0.568460309003729
"2",0.858563755719117,0.909014628616667,0.940716871192725,0.610681939264784
"3",0.862840660433658,0.911856756372159,0.944601394897148,0.616142781033564
"4",0.779225515549367,0.866468738790171,0.949192195638739,0.26638252530634
"5",0.799119645087608,0.799119645087608,0.799119645087608,0.799119645087608
