"","eval_avg.Accuracy","eval_avg.F1","eval_avg.Sensitivity","eval_avg.Specificity"
"1",0.846164047476958,0.901586493594638,0.938200759247815,0.568460309003729
"2",0.859425767522048,0.909601585245799,0.941643859804008,0.61134789557805
"3",0.861978648630727,0.911256244347681,0.943497837026574,0.616009589770911
"4",0.780286453152974,0.86745799007983,0.952414584620818,0.26092168353756
"5",0.798422533841312,0.798422533841312,0.798422533841312,0.798422533841312
