"","eval_avg.MAE","eval_avg.MSE","eval_avg.RMSE","eval_avg.R_squared","eval_avg.MAPE","X0.735061072532671"
"1",27135.9532682657,1785241978.17458,42252.1239486795,0.267270083078996,5184.96454760352,0.735061072532671
"2",25198.6989069594,1612005085.83386,40141.5922782522,0.33441571718232,4436.81970299508,0.735061072532671
"3",24963.427503361,1600682774.87397,40008.142451504,0.338864121833368,4339.52243161978,0.735061072532671
"4",25766.2118619669,1870327730.20934,43246.4736754546,0.227482484724508,3905.93574482312,0.735061072532671
