"","eval_avg.MAE","eval_avg.MSE","eval_avg.RMSE","eval_avg.R_squared","eval_avg.MAPE","X0.734957345457731"
"1",27243.1708662494,1843154279.18516,42931.972691517,0.26301003814581,3661.59947812589,0.734957345457731
"2",25057.25109244,1602498725.04851,40031.1114349675,0.345593745400936,4012.4794988544,0.734957345457731
"3",25118.9369296406,1618669474.81857,40232.3360611454,0.338912941870668,3898.20600141449,0.734957345457731
"4",25697.3565666811,1897983880.43332,43559.5981210318,0.22496094013201,3549.77788003516,0.734957345457731
